序号,链接,节点数
0,https://gist.githubusercontent.com/peasoft/40b87245630092f30cc98af61190b4e2/raw/,10
1,https://oVSCKn.absslk.xyz/031f0be3dcb5be5e3582613d0443e42b,0
2,https://pai.yt/clash,0
3,https://raw.githubusercontent.com/Huibq/TrojanLinks/master/links/vmess,0
4,https://raw.githubusercontent.com/Surfboardv2ray/TGParse/main/python/hy2,15
5,https://raw.githubusercontent.com/Surfboardv2ray/TGParse/main/python/hysteria2,21
6,https://raw.githubusercontent.com/ripaojiedian/freenode/main/clash,14
7,https://raw.githubusercontent.com/ripaojiedian/freenode/main/sub,14
8,https://raw.githubusercontent.com/shaoyouvip/free/refs/heads/main/all.yaml,50
9,https://raw.githubusercontent.com/zhangkaiitugithub/passcro/main/speednodes.yaml,59

总计,,154
